company_code,company_category,company_name,BOOK_VALUE_RS,DIV_PERCENT,DIV_YIELD_PERCENT,EPS_TTM,FACE_VALUE,INDUSTRY_P_BY_E,MARKETCAP_RS_CR,MARKET_LOT,P_BY_C,P_BY_E,PRICE_BY_BOOK,sector
MI42,diversified,3mindia,1364.33,0.0,,275.66,10.0,22.07,22192.19,1,62.99,71.46,14.44,DIVERSIFIED
BLC,diversified,balmerlawriecompany,118.49,70.0,3.16,16.21,10.0,22.07,2523.45,1,11.94,13.66,1.87,DIVERSIFIED
CTI,diversified,centurytextilesindustries,255.47,55.0,0.6,33.27,10.0,22.07,10211.78,1,14.9,27.48,3.58,DIVERSIFIED
V,diversified,voltas,105.36,350.0,0.67,15.15,1.0,22.07,17220.9,1,33.09,34.35,4.94,DIVERSIFIED
ACC06,cementmajor,acc,498.72,260.0,1.99,50.54,10.0,36.29,24476.19,1,15.4,25.79,2.61,CEMENT - MAJOR
AC18,cementmajor,ambujacements,102.35,140.0,1.37,6.42,2.0,36.29,40685.87,1,22.01,31.92,2.0,CEMENT - MAJOR
OCL,cementmajor,oclindia,488.16,250.0,0.43,74.21,2.0,36.29,6679.52,1,11.32,15.82,2.4,CEMENT - MAJOR
PC,cementmajor,prismjohnson,20.38,0.0,,1.4,10.0,36.29,5476.52,1,24.5,77.71,5.34,CEMENT - MAJOR
AE13,trading,adanienterprises,36.04,40.0,0.3,1.79,1.0,49.47,14528.49,1,51.0,73.8,3.67,TRADING
MMT,trading,mmtc,9.56,30.0,0.8,0.33,1.0,49.47,5632.5,1,104.31,113.79,3.93,TRADING
PFR,retail,adityabirlafashionretail,12.43,0.0,,1.53,10.0,71.87,10923.73,1,27.38,92.52,11.39,RETAIL
FLF01,retail,futurelifestylefashions,93.56,40.0,0.19,5.8,2.0,74.38,8220.85,1,31.64,74.34,4.61,RETAIL
T04,retail,trent,49.88,100.0,0.31,3.51,1.0,71.87,10801.96,1,68.14,92.61,6.52,RETAIL
AET,pharmaceuticals,advancedenzymetechnologies,26.06,20.0,0.18,3.21,2.0,24.93,2517.12,1,57.66,70.23,8.65,PHARMACEUTICALS
CHC,pharmaceuticals,cadilahealthcare,75.3,320.0,0.8,10.66,1.0,29.05,40796.14,1,29.47,37.38,5.29,PHARMACEUTICALS
DRL,pharmaceuticals,drreddyslaboratories,698.95,400.0,0.85,34.16,5.0,29.05,39021.97,1,29.1,68.83,3.36,PHARMACEUTICALS
GSK,pharmaceuticals,glaxosmithklinepharmaceuticals,281.0,300.0,1.09,41.55,10.0,29.05,23247.59,1,59.61,66.06,9.77,PHARMACEUTICALS
GP08,pharmaceuticals,glenmarkpharma,370.38,200.0,0.34,35.95,1.0,29.05,16533.64,1,14.6,16.3,1.58,PHARMACEUTICALS
L,pharmaceuticals,lupin,326.92,375.0,0.82,29.74,2.0,29.05,41159.46,1,23.73,30.61,2.78,PHARMACEUTICALS
MP21,pharmaceuticals,marksanspharma,10.54,5.0,0.16,0.3,1.0,29.05,1266.83,1,51.58,103.17,2.94,PHARMACEUTICALS
AGL02,transportlogistics,allcargologistics,55.81,100.0,1.78,1.17,2.0,44.24,2759.16,1,21.15,95.98,2.01,TRANSPORT & LOGISTICS
SJ01,transportlogistics,spicejet,-0.71,0.0,,9.45,10.0,19.25,6674.88,1,8.37,11.78,,TRANSPORT & LOGISTICS
AMP01,telecommunicationsequipment,astramicrowaveproducts,59.44,50.0,0.99,7.01,2.0,29.78,871.75,1,9.94,14.36,1.69,TELECOMMUNICATIONS - EQUIPMENT
APT02,plastics,astralpolytechnik,69.71,50.0,0.05,9.94,1.0,85.68,12175.15,1,73.49,102.25,14.58,PLASTICS
AB16,banksprivatesector,axisbank,217.29,0.0,,1.07,2.0,32.64,135585.38,1,160.49,493.46,2.43,BANKS - PRIVATE SECTOR
ICI02,banksprivatesector,icicibank,150.7,125.0,0.89,10.54,2.0,32.64,181540.06,1,26.78,26.78,1.87,BANKS - PRIVATE SECTOR
KB04,banksprivatesector,karnatakabank,181.91,40.0,3.38,11.52,10.0,32.64,3344.39,1,10.27,10.27,0.65,BANKS - PRIVATE SECTOR
SIB,banksprivatesector,southindianbank,25.43,40.0,1.66,1.85,1.0,32.64,4369.94,1,13.05,13.05,0.95,BANKS - PRIVATE SECTOR
SM11,financegeneral,bharatfinancialinclusion,175.61,0.0,,32.67,10.0,36.62,16619.1,1,35.46,36.49,6.79,FINANCE - GENERAL
II15,financegeneral,iiflholdings,47.01,225.0,0.62,6.41,2.0,36.62,23067.86,1,112.62,112.8,15.38,FINANCE - GENERAL
MOF01,financegeneral,motilaloswalfinancialservices,55.07,250.0,0.29,8.94,1.0,36.62,12591.08,1,92.42,97.07,15.76,FINANCE - GENERAL
BHE,infrastructuregeneral,bharatheavyelectricals,87.96,79.0,2.1,2.2,2.0,23.24,27608.93,1,17.33,34.18,0.85,INFRASTRUCTURE - GENERAL
JA02,infrastructuregeneral,jaiprakashassociates,32.52,0.0,,1.45,2.0,30.6,3514.9,1,4.09,9.97,0.44,INFRASTRUCTURE - GENERAL
S,infrastructuregeneral,siemens,216.35,350.0,0.7,33.61,2.0,37.67,35526.56,1,25.49,29.68,4.61,INFRASTRUCTURE - GENERAL
BPC,refineries,bharatpetroleumcorporation,137.83,310.0,7.53,36.51,10.0,8.41,89340.67,1,8.45,11.28,2.99,REFINERIES
HPC,refineries,hindustanpetroleumcorporation,120.46,300.0,9.8,41.72,10.0,8.41,46659.45,1,5.12,7.34,2.54,REFINERIES
BI,foodprocessing,britanniaindustries,294.01,1100.0,0.36,78.95,2.0,64.74,73575.85,1,68.91,77.62,20.84,FOOD PROCESSING
GSC04,foodprocessing,glaxosmithklineconsumerhealthcare,908.98,700.0,1.13,166.47,10.0,64.74,25968.45,1,33.97,37.09,6.79,FOOD PROCESSING
NI,foodprocessing,nestleindia,354.77,860.0,0.88,139.24,10.0,64.74,93874.68,1,55.72,69.93,27.44,FOOD PROCESSING
CFH,financehousing,canfinhomes,80.83,100.0,0.56,22.66,2.0,23.49,4734.37,1,15.53,15.69,4.4,FINANCE - HOUSING
GIC,financehousing,gichousingfinance,189.9,50.0,1.3,34.25,10.0,23.49,2072.19,1,11.2,11.24,2.03,FINANCE - HOUSING
GRU,financehousing,gruhfinance,18.88,165.0,1.02,4.96,2.0,23.49,23592.6,1,64.51,65.03,17.08,FINANCE - HOUSING
IHF01,financehousing,indiabullshousingfinance,361.84,1350.0,2.27,83.61,2.0,36.62,50822.14,1,14.14,14.25,3.29,FINANCE - HOUSING
LIC,financehousing,lichousingfinance,258.92,310.0,1.25,39.42,2.0,23.49,25028.76,1,12.52,12.58,1.92,FINANCE - HOUSING
CES,powergenerationdistribution,cesc,1070.79,100.0,1.01,65.71,10.0,11.73,13162.91,1,10.09,15.11,0.93,POWER - GENERATION & DISTRIBUTION
N07,powergenerationdistribution,nhpc,28.95,18.0,6.96,2.69,10.0,11.73,26520.34,1,6.37,9.61,0.89,POWER - GENERATION & DISTRIBUTION
NTP,powergenerationdistribution,ntpc,129.25,47.8,3.06,12.54,10.0,11.73,128670.47,1,7.38,12.44,1.21,POWER - GENERATION & DISTRIBUTION
PGC,powergenerationdistribution,powergridcorporationindia,110.95,10.0,0.5,15.75,10.0,14.41,103847.05,1,5.99,12.6,1.79,POWER - GENERATION & DISTRIBUTION
TP14,powergenerationdistribution,torrentpower,162.42,22.0,0.87,19.18,10.0,11.73,12169.22,1,5.99,13.2,1.56,POWER - GENERATION & DISTRIBUTION
CFC,fertilisers,chambalfertiliserschemicals,72.45,19.0,1.18,11.54,10.0,14.8,6719.68,1,12.37,13.99,2.23,FERTILISERS
CDB,financeleasinghirepurchase,cholamandalaminvestmentfinancecompany,338.17,55.0,0.34,62.31,10.0,36.62,25254.92,1,24.67,25.93,4.78,FINANCE - LEASING & HIRE PURCHASE
MMF04,financeleasinghirepurchase,mahindramahindrafinancialservices,119.46,120.0,0.51,14.44,2.0,36.62,29331.48,1,31.34,32.88,3.97,FINANCE - LEASING & HIRE PURCHASE
MGF01,financeleasinghirepurchase,manappuramfinance,47.61,100.0,1.93,8.31,2.0,36.62,8716.05,1,11.46,12.45,2.17,FINANCE - LEASING & HIRE PURCHASE
CRI,miscellaneous,crisil,113.04,2800.0,1.58,33.16,1.0,51.31,12739.27,1,47.78,53.5,15.69,MISCELLANEOUS
TI01,miscellaneous,titancompany,61.67,260.0,0.29,13.1,1.0,68.71,80215.92,1,63.05,68.97,14.65,MISCELLANEOUS
DI,personalcare,daburindia,26.78,225.0,0.59,6.07,1.0,66.23,67718.58,1,57.65,63.16,14.32,PERSONAL CARE
GI22,personalcare,gilletteindia,153.63,1640.0,2.51,71.23,10.0,66.23,21283.03,1,78.69,91.7,42.51,PERSONAL CARE
HU,personalcare,hindustanunilever,32.69,2000.0,1.23,24.19,1.0,66.23,350929.0,1,61.41,67.02,49.59,PERSONAL CARE
M13,personalcare,marico,28.22,350.0,1.03,5.56,1.0,66.23,43657.03,1,55.63,60.83,11.98,PERSONAL CARE
PGH,personalcare,proctergamblehygienehealthcare,162.08,3890.0,4.0,125.71,10.0,66.23,31595.01,1,67.54,77.43,60.05,PERSONAL CARE
C13,mediaentertainment,dbcorp,86.88,40.0,1.51,17.63,10.0,15.58,4865.32,1,11.68,14.99,3.04,MEDIA & ENTERTAINMENT
IBN,mediaentertainment,tv18broadcast,22.13,0.0,,0.56,2.0,35.36,9874.71,1,85.97,102.86,2.6,MEDIA & ENTERTAINMENT
D04,constructioncontractingrealestate,dlf,84.46,100.0,1.0,2.05,2.0,30.6,35637.1,1,71.59,97.44,2.37,CONSTRUCTION & CONTRACTING - REAL ESTATE
HDI,constructioncontractingrealestate,housingdevelopmentinfrastructure,263.04,0.0,,2.2,10.0,30.6,993.87,1,9.74,10.41,0.09,CONSTRUCTION & CONTRACTING - REAL ESTATE
OR,constructioncontractingrealestate,oberoirealty,131.39,20.0,0.4,12.28,10.0,30.6,17192.36,1,37.64,41.23,3.85,CONSTRUCTION & CONTRACTING - REAL ESTATE
PEP02,constructioncontractingrealestate,prestigeestatesprojects,132.66,12.0,0.44,6.19,10.0,30.6,10325.63,1,35.9,44.48,2.08,CONSTRUCTION & CONTRACTING - REAL ESTATE
ET01,auto23wheelers,endurancetechnologies,130.43,25.0,0.2,19.31,10.0,39.04,17876.14,1,40.51,65.81,9.74,AUTO - 2 & 3 WHEELERS
TVS,auto23wheelers,tvsmotorcompany,64.64,250.0,0.43,13.95,1.0,22.15,27638.19,1,27.6,41.7,9.0,AUTO - 2 & 3 WHEELERS
EI,autoancillaries,exideindustries,66.26,240.0,0.96,7.86,1.0,30.46,21309.5,1,23.3,31.9,3.78,AUTO ANCILLARIES
MSS01,autoancillaries,mothersonsumisystems,11.9,200.0,0.65,4.18,1.0,73.54,64801.42,1,59.08,73.64,25.87,AUTO ANCILLARIES
GSP02,oildrillingandexploration,gujaratstatepetronet,91.6,15.0,0.8,11.86,10.0,15.5,10557.78,1,12.52,15.79,2.04,OIL DRILLING AND EXPLORATION
OI13,oildrillingandexploration,oilindia,255.93,95.0,4.29,23.51,10.0,11.73,25104.07,1,6.37,9.41,0.86,OIL DRILLING AND EXPLORATION
ONG,oildrillingandexploration,oilnaturalgascorporation,160.12,121.0,3.66,15.54,5.0,11.73,212325.88,1,6.17,10.65,1.03,OIL DRILLING AND EXPLORATION
PLN,oildrillingandexploration,petronetlng,53.88,25.0,1.18,13.85,10.0,15.5,31770.0,1,12.76,15.29,3.93,OIL DRILLING AND EXPLORATION
HCL02,computerssoftware,hcltechnologies,186.49,600.0,1.27,52.87,2.0,21.82,131914.73,1,15.98,17.92,5.08,COMPUTERS - SOFTWARE
W,computerssoftware,wipro,95.95,200.0,1.5,15.87,2.0,21.82,129893.95,1,14.87,16.81,2.78,COMPUTERS - SOFTWARE
HZ,metalsnonferrous,hindustanzinc,94.86,1470.0,9.66,21.67,2.0,13.77,128639.84,1,12.09,14.05,3.21,METALS - NON FERROUS
IS13,financeinvestments,indiabullsventures,42.13,50.0,0.21,0.96,2.0,36.62,26468.08,1,492.58,507.97,11.57,FINANCE - INVESTMENTS
LFH,financeinvestments,ltfinanceholdings,38.17,8.0,0.48,1.84,10.0,36.62,32989.83,1,89.84,89.84,4.33,FINANCE - INVESTMENTS
MI,financeinvestments,maxfinancialservices,68.12,0.0,,4.58,2.0,36.62,12606.15,1,100.78,102.54,6.89,FINANCE - INVESTMENTS
RC,financeinvestments,reliancecapital,574.93,105.0,2.5,33.0,10.0,36.62,10624.97,1,12.43,12.74,0.73,FINANCE - INVESTMENTS
IB04,bankspublicsector,indianbank,329.53,0.0,,26.21,10.0,12.43,16891.86,1,11.29,13.42,1.07,BANKS - PUBLIC SECTOR
KI01,constructioncontractingcivil,jkumarinfraprojects,201.62,40.0,0.77,18.05,5.0,30.6,1969.95,1,9.41,14.42,1.29,CONSTRUCTION & CONTRACTING - CIVIL
JPF01,packaging,jindalpolyfilms,422.11,10.0,0.43,3.32,10.0,24.28,1025.26,1,8.79,70.53,0.55,PACKAGING
JKT01,tyres,jktyreindustries,75.7,125.0,1.95,1.9,2.0,27.04,2905.48,1,13.32,67.42,1.69,TYRES
HHL,consumergoodswhitegoods,johnsoncontrolshitachiairconditioningindia,198.28,15.0,0.06,36.83,10.0,20.53,7149.03,1,46.7,71.39,13.26,CONSUMER GOODS - WHITE GOODS
KNP,paintsvarnishes,kansainerolacpaints,57.99,260.0,0.52,9.58,1.0,57.09,27002.57,1,45.59,52.3,8.64,PAINTS & VARNISHES
KG01,textilesreadymadeapparels,kitexgarments,68.52,150.0,0.9,10.53,1.0,46.7,1102.57,1,11.8,15.75,2.42,TEXTILES - READYMADE APPARELS
MF19,castingsforgings,mahindracieautomotive,92.45,0.0,,2.41,10.0,46.42,9694.61,1,58.07,106.27,2.77,CASTINGS & FORGINGS
M18,miningminerals,moil,105.32,110.0,5.96,15.84,10.0,15.1,4915.96,1,10.15,11.65,1.75,MINING & MINERALS
NMD02,miningminerals,nmdc,83.2,515.0,4.56,12.03,1.0,15.1,35751.96,1,8.8,9.39,1.36,MINING & MINERALS
SG,miningminerals,vedanta,234.11,1945.0,8.15,19.52,1.0,15.1,88748.07,1,8.79,12.23,1.02,MINING & MINERALS
PJ,diamondcuttingjewellerypreciousmetals,pcjeweller,70.83,10.0,0.64,14.38,10.0,24.92,6208.93,1,10.56,10.95,2.22,DIAMOND CUTTING & JEWELLERY & PRECIOUS METALS
SCI,shipping,shippingcorporationindia,152.88,0.0,,5.45,10.0,18.22,3067.29,1,3.55,12.08,0.43,SHIPPING
SII04,chemicals,solarindustriesindia,87.62,250.0,0.42,14.84,2.0,73.28,10776.01,1,67.2,80.25,13.59,CHEMICALS
TC,chemicals,tatachemicals,416.96,110.0,1.49,69.36,10.0,9.86,18794.64,1,9.93,10.64,1.77,CHEMICALS
TSI,steelspongeiron,tataspongeiron,653.06,110.0,1.0,91.47,10.0,9.66,1691.38,1,11.04,12.01,1.68,STEEL - SPONGE IRON
AI01,textilesspinningcottonblended,trident,58.64,15.0,2.41,5.18,10.0,14.46,3174.78,1,4.76,12.03,1.06,TEXTILES - SPINNING - COTTON BLENDED
VT10,textilesspinningcottonblended,vardhmantextiles,694.17,150.0,1.23,95.01,10.0,14.46,6991.05,1,9.03,12.81,1.75,TEXTILES - SPINNING - COTTON BLENDED
VI02,electricequipment,vguardindustries,14.96,70.0,0.33,3.13,1.0,47.97,9074.17,1,59.69,68.08,14.24,ELECTRIC EQUIPMENT
